real, image
-1.768182, -0.000000
-1.754545, -0.000000
-1.563636, -0.000000
-1.481818, -0.000000
-1.400000, -0.000000
-1.386364, -0.000000
-1.372727, -0.000000
-1.359091, -0.000000
-1.345455, -0.045455
-1.345455, -0.000000
-1.345455, 0.045455
-1.331818, -0.045455
-1.331818, -0.000000
-1.331818, 0.045455
-1.318182, -0.045455
-1.318182, -0.000000
-1.318182, 0.045455
-1.304545, -0.045455
-1.304545, -0.000000
-1.304545, 0.045455
-1.290909, -0.045455
-1.290909, -0.000000
-1.290909, 0.045455
-1.277273, -0.045455
-1.277273, -0.000000
-1.277273, 0.045455
-1.263636, -0.000000
-1.250000, -0.000000
-1.236364, -0.045455
-1.236364, -0.000000
-1.236364, 0.045455
-1.222727, -0.090909
-1.222727, -0.045455
-1.222727, -0.000000
-1.222727, 0.045455
-1.222727, 0.090909
-1.209091, -0.136364
-1.209091, -0.090909
-1.209091, -0.045455
-1.209091, -0.000000
-1.209091, 0.045455
-1.209091, 0.090909
-1.209091, 0.136364
-1.195455, -0.136364
-1.195455, -0.090909
-1.195455, -0.045455
-1.195455, -0.000000
-1.195455, 0.045455
-1.195455, 0.090909
-1.195455, 0.136364
-1.181818, -0.181818
-1.181818, -0.136364
-1.181818, -0.090909
-1.181818, -0.045455
-1.181818, -0.000000
-1.181818, 0.045455
-1.181818, 0.090909
-1.181818, 0.136364
-1.181818, 0.181818
-1.168182, -0.181818
-1.168182, -0.136364
-1.168182, -0.090909
-1.168182, -0.045455
-1.168182, -0.000000
-1.168182, 0.045455
-1.168182, 0.090909
-1.168182, 0.136364
-1.168182, 0.181818
-1.154545, -0.272727
-1.154545, -0.227273
-1.154545, -0.181818
-1.154545, -0.136364
-1.154545, -0.090909
-1.154545, -0.045455
-1.154545, -0.000000
-1.154545, 0.045455
-1.154545, 0.090909
-1.154545, 0.136364
-1.154545, 0.181818
-1.154545, 0.227273
-1.154545, 0.272727
-1.140909, -0.227273
-1.140909, -0.181818
-1.140909, -0.136364
-1.140909, -0.090909
-1.140909, -0.045455
-1.140909, -0.000000
-1.140909, 0.045455
-1.140909, 0.090909
-1.140909, 0.136364
-1.140909, 0.181818
-1.140909, 0.227273
-1.127273, -0.227273
-1.127273, -0.181818
-1.127273, -0.136364
-1.127273, -0.090909
-1.127273, -0.045455
-1.127273, -0.000000
-1.127273, 0.045455
-1.127273, 0.090909
-1.127273, 0.136364
-1.127273, 0.181818
-1.127273, 0.227273
-1.113636, -0.181818
-1.113636, -0.136364
-1.113636, -0.090909
-1.113636, -0.045455
-1.113636, -0.000000
-1.113636, 0.045455
-1.113636, 0.090909
-1.113636, 0.136364
-1.113636, 0.181818
-1.100000, -0.227273
-1.100000, -0.181818
-1.100000, -0.136364
-1.100000, -0.090909
-1.100000, -0.045455
-1.100000, -0.000000
-1.100000, 0.045455
-1.100000, 0.090909
-1.100000, 0.136364
-1.100000, 0.181818
-1.100000, 0.227273
-1.086364, -0.227273
-1.086364, -0.181818
-1.086364, -0.136364
-1.086364, -0.090909
-1.086364, -0.045455
-1.086364, -0.000000
-1.086364, 0.045455
-1.086364, 0.090909
-1.086364, 0.136364
-1.086364, 0.181818
-1.086364, 0.227273
-1.072727, -0.227273
-1.072727, -0.181818
-1.072727, -0.136364
-1.072727, -0.090909
-1.072727, -0.045455
-1.072727, -0.000000
-1.072727, 0.045455
-1.072727, 0.090909
-1.072727, 0.136364
-1.072727, 0.181818
-1.072727, 0.227273
-1.059091, -0.227273
-1.059091, -0.181818
-1.059091, -0.136364
-1.059091, -0.090909
-1.059091, -0.045455
-1.059091, -0.000000
-1.059091, 0.045455
-1.059091, 0.090909
-1.059091, 0.136364
-1.059091, 0.181818
-1.059091, 0.227273
-1.045455, -0.227273
-1.045455, -0.181818
-1.045455, -0.136364
-1.045455, -0.090909
-1.045455, -0.045455
-1.045455, -0.000000
-1.045455, 0.045455
-1.045455, 0.090909
-1.045455, 0.136364
-1.045455, 0.181818
-1.045455, 0.227273
-1.031818, -0.227273
-1.031818, -0.181818
-1.031818, -0.136364
-1.031818, -0.090909
-1.031818, -0.045455
-1.031818, -0.000000
-1.031818, 0.045455
-1.031818, 0.090909
-1.031818, 0.136364
-1.031818, 0.181818
-1.031818, 0.227273
-1.018182, -0.227273
-1.018182, -0.181818
-1.018182, -0.136364
-1.018182, -0.090909
-1.018182, -0.045455
-1.018182, -0.000000
-1.018182, 0.045455
-1.018182, 0.090909
-1.018182, 0.136364
-1.018182, 0.181818
-1.018182, 0.227273
-1.004545, -0.272727
-1.004545, -0.227273
-1.004545, -0.181818
-1.004545, -0.136364
-1.004545, -0.090909
-1.004545, -0.045455
-1.004545, -0.000000
-1.004545, 0.045455
-1.004545, 0.090909
-1.004545, 0.136364
-1.004545, 0.181818
-1.004545, 0.227273
-1.004545, 0.272727
-0.990909, -0.272727
-0.990909, -0.227273
-0.990909, -0.181818
-0.990909, -0.136364
-0.990909, -0.090909
-0.990909, -0.045455
-0.990909, -0.000000
-0.990909, 0.045455
-0.990909, 0.090909
-0.990909, 0.136364
-0.990909, 0.181818
-0.990909, 0.227273
-0.990909, 0.272727
-0.977273, -0.227273
-0.977273, -0.181818
-0.977273, -0.136364
-0.977273, -0.090909
-0.977273, -0.045455
-0.977273, -0.000000
-0.977273, 0.045455
-0.977273, 0.090909
-0.977273, 0.136364
-0.977273, 0.181818
-0.977273, 0.227273
-0.963636, -0.227273
-0.963636, -0.181818
-0.963636, -0.136364
-0.963636, -0.090909
-0.963636, -0.045455
-0.963636, -0.000000
-0.963636, 0.045455
-0.963636, 0.090909
-0.963636, 0.136364
-0.963636, 0.181818
-0.963636, 0.227273
-0.950000, -0.227273
-0.950000, -0.181818
-0.950000, -0.136364
-0.950000, -0.090909
-0.950000, -0.045455
-0.950000, -0.000000
-0.950000, 0.045455
-0.950000, 0.090909
-0.950000, 0.136364
-0.950000, 0.181818
-0.950000, 0.227273
-0.936364, -0.227273
-0.936364, -0.181818
-0.936364, -0.136364
-0.936364, -0.090909
-0.936364, -0.045455
-0.936364, -0.000000
-0.936364, 0.045455
-0.936364, 0.090909
-0.936364, 0.136364
-0.936364, 0.181818
-0.936364, 0.227273
-0.922727, -0.227273
-0.922727, -0.181818
-0.922727, -0.136364
-0.922727, -0.090909
-0.922727, -0.045455
-0.922727, -0.000000
-0.922727, 0.045455
-0.922727, 0.090909
-0.922727, 0.136364
-0.922727, 0.181818
-0.922727, 0.227273
-0.909091, -0.227273
-0.909091, -0.181818
-0.909091, -0.136364
-0.909091, -0.090909
-0.909091, -0.045455
-0.909091, -0.000000
-0.909091, 0.045455
-0.909091, 0.090909
-0.909091, 0.136364
-0.909091, 0.181818
-0.909091, 0.227273
-0.895455, -0.227273
-0.895455, -0.181818
-0.895455, -0.136364
-0.895455, -0.090909
-0.895455, -0.045455
-0.895455, -0.000000
-0.895455, 0.045455
-0.895455, 0.090909
-0.895455, 0.136364
-0.895455, 0.181818
-0.895455, 0.227273
-0.881818, -0.181818
-0.881818, -0.136364
-0.881818, -0.090909
-0.881818, -0.045455
-0.881818, -0.000000
-0.881818, 0.045455
-0.881818, 0.090909
-0.881818, 0.136364
-0.881818, 0.181818
-0.868182, -0.227273
-0.868182, -0.181818
-0.868182, -0.136364
-0.868182, -0.090909
-0.868182, -0.045455
-0.868182, -0.000000
-0.868182, 0.045455
-0.868182, 0.090909
-0.868182, 0.136364
-0.868182, 0.181818
-0.868182, 0.227273
-0.854545, -0.181818
-0.854545, -0.136364
-0.854545, -0.090909
-0.854545, -0.045455
-0.854545, -0.000000
-0.854545, 0.045455
-0.854545, 0.090909
-0.854545, 0.136364
-0.854545, 0.181818
-0.840909, -0.181818
-0.840909, -0.136364
-0.840909, -0.090909
-0.840909, -0.045455
-0.840909, -0.000000
-0.840909, 0.045455
-0.840909, 0.090909
-0.840909, 0.136364
-0.840909, 0.181818
-0.827273, -0.136364
-0.827273, -0.090909
-0.827273, -0.045455
-0.827273, -0.000000
-0.827273, 0.045455
-0.827273, 0.090909
-0.827273, 0.136364
-0.813636, -0.136364
-0.813636, -0.090909
-0.813636, -0.045455
-0.813636, -0.000000
-0.813636, 0.045455
-0.813636, 0.090909
-0.813636, 0.136364
-0.800000, -0.136364
-0.800000, -0.090909
-0.800000, -0.045455
-0.800000, -0.000000
-0.800000, 0.045455
-0.800000, 0.090909
-0.800000, 0.136364
-0.786364, -0.136364
-0.786364, -0.090909
-0.786364, -0.045455
-0.786364, -0.000000
-0.786364, 0.045455
-0.786364, 0.090909
-0.786364, 0.136364
-0.772727, -0.090909
-0.772727, -0.045455
-0.772727, -0.000000
-0.772727, 0.045455
-0.772727, 0.090909
-0.759091, -0.045455
-0.759091, -0.000000
-0.759091, 0.045455
-0.745455, -0.045455
-0.745455, -0.000000
-0.745455, 0.045455
-0.731818, -0.136364
-0.731818, -0.090909
-0.731818, -0.045455
-0.731818, -0.000000
-0.731818, 0.045455
-0.731818, 0.090909
-0.731818, 0.136364
-0.718182, -0.181818
-0.718182, -0.136364
-0.718182, -0.090909
-0.718182, -0.045455
-0.718182, -0.000000
-0.718182, 0.045455
-0.718182, 0.090909
-0.718182, 0.136364
-0.718182, 0.181818
-0.704545, -0.272727
-0.704545, -0.227273
-0.704545, -0.181818
-0.704545, -0.136364
-0.704545, -0.090909
-0.704545, -0.045455
-0.704545, -0.000000
-0.704545, 0.045455
-0.704545, 0.090909
-0.704545, 0.136364
-0.704545, 0.181818
-0.704545, 0.227273
-0.704545, 0.272727
-0.690909, -0.272727
-0.690909, -0.227273
-0.690909, -0.181818
-0.690909, -0.136364
-0.690909, -0.090909
-0.690909, -0.045455
-0.690909, -0.000000
-0.690909, 0.045455
-0.690909, 0.090909
-0.690909, 0.136364
-0.690909, 0.181818
-0.690909, 0.227273
-0.690909, 0.272727
-0.677273, -0.272727
-0.677273, -0.227273
-0.677273, -0.181818
-0.677273, -0.136364
-0.677273, -0.090909
-0.677273, -0.045455
-0.677273, -0.000000
-0.677273, 0.045455
-0.677273, 0.090909
-0.677273, 0.136364
-0.677273, 0.181818
-0.677273, 0.227273
-0.677273, 0.272727
-0.663636, -0.318182
-0.663636, -0.272727
-0.663636, -0.227273
-0.663636, -0.181818
-0.663636, -0.136364
-0.663636, -0.090909
-0.663636, -0.045455
-0.663636, -0.000000
-0.663636, 0.045455
-0.663636, 0.090909
-0.663636, 0.136364
-0.663636, 0.181818
-0.663636, 0.227273
-0.663636, 0.272727
-0.663636, 0.318182
-0.650000, -0.318182
-0.650000, -0.272727
-0.650000, -0.227273
-0.650000, -0.181818
-0.650000, -0.136364
-0.650000, -0.090909
-0.650000, -0.045455
-0.650000, -0.000000
-0.650000, 0.045455
-0.650000, 0.090909
-0.650000, 0.136364
-0.650000, 0.181818
-0.650000, 0.227273
-0.650000, 0.272727
-0.650000, 0.318182
-0.636364, -0.363636
-0.636364, -0.318182
-0.636364, -0.272727
-0.636364, -0.227273
-0.636364, -0.181818
-0.636364, -0.136364
-0.636364, -0.090909
-0.636364, -0.045455
-0.636364, -0.000000
-0.636364, 0.045455
-0.636364, 0.090909
-0.636364, 0.136364
-0.636364, 0.181818
-0.636364, 0.227273
-0.636364, 0.272727
-0.636364, 0.318182
-0.636364, 0.363636
-0.622727, -0.409091
-0.622727, -0.363636
-0.622727, -0.318182
-0.622727, -0.272727
-0.622727, -0.227273
-0.622727, -0.181818
-0.622727, -0.136364
-0.622727, -0.090909
-0.622727, -0.045455
-0.622727, -0.000000
-0.622727, 0.045455
-0.622727, 0.090909
-0.622727, 0.136364
-0.622727, 0.181818
-0.622727, 0.227273
-0.622727, 0.272727
-0.622727, 0.318182
-0.622727, 0.363636
-0.622727, 0.409091
-0.609091, -0.363636
-0.609091, -0.318182
-0.609091, -0.272727
-0.609091, -0.227273
-0.609091, -0.181818
-0.609091, -0.136364
-0.609091, -0.090909
-0.609091, -0.045455
-0.609091, -0.000000
-0.609091, 0.045455
-0.609091, 0.090909
-0.609091, 0.136364
-0.609091, 0.181818
-0.609091, 0.227273
-0.609091, 0.272727
-0.609091, 0.318182
-0.609091, 0.363636
-0.595455, -0.409091
-0.595455, -0.363636
-0.595455, -0.318182
-0.595455, -0.272727
-0.595455, -0.227273
-0.595455, -0.181818
-0.595455, -0.136364
-0.595455, -0.090909
-0.595455, -0.045455
-0.595455, -0.000000
-0.595455, 0.045455
-0.595455, 0.090909
-0.595455, 0.136364
-0.595455, 0.181818
-0.595455, 0.227273
-0.595455, 0.272727
-0.595455, 0.318182
-0.595455, 0.363636
-0.595455, 0.409091
-0.581818, -0.409091
-0.581818, -0.363636
-0.581818, -0.318182
-0.581818, -0.272727
-0.581818, -0.227273
-0.581818, -0.181818
-0.581818, -0.136364
-0.581818, -0.090909
-0.581818, -0.045455
-0.581818, -0.000000
-0.581818, 0.045455
-0.581818, 0.090909
-0.581818, 0.136364
-0.581818, 0.181818
-0.581818, 0.227273
-0.581818, 0.272727
-0.581818, 0.318182
-0.581818, 0.363636
-0.581818, 0.409091
-0.568182, -0.454545
-0.568182, -0.409091
-0.568182, -0.363636
-0.568182, -0.318182
-0.568182, -0.272727
-0.568182, -0.227273
-0.568182, -0.181818
-0.568182, -0.136364
-0.568182, -0.090909
-0.568182, -0.045455
-0.568182, -0.000000
-0.568182, 0.045455
-0.568182, 0.090909
-0.568182, 0.136364
-0.568182, 0.181818
-0.568182, 0.227273
-0.568182, 0.272727
-0.568182, 0.318182
-0.568182, 0.363636
-0.568182, 0.409091
-0.568182, 0.454545
-0.554545, -0.454545
-0.554545, -0.409091
-0.554545, -0.363636
-0.554545, -0.318182
-0.554545, -0.272727
-0.554545, -0.227273
-0.554545, -0.181818
-0.554545, -0.136364
-0.554545, -0.090909
-0.554545, -0.045455
-0.554545, -0.000000
-0.554545, 0.045455
-0.554545, 0.090909
-0.554545, 0.136364
-0.554545, 0.181818
-0.554545, 0.227273
-0.554545, 0.272727
-0.554545, 0.318182
-0.554545, 0.363636
-0.554545, 0.409091
-0.554545, 0.454545
-0.540909, -0.454545
-0.540909, -0.409091
-0.540909, -0.363636
-0.540909, -0.318182
-0.540909, -0.272727
-0.540909, -0.227273
-0.540909, -0.181818
-0.540909, -0.136364
-0.540909, -0.090909
-0.540909, -0.045455
-0.540909, -0.000000
-0.540909, 0.045455
-0.540909, 0.090909
-0.540909, 0.136364
-0.540909, 0.181818
-0.540909, 0.227273
-0.540909, 0.272727
-0.540909, 0.318182
-0.540909, 0.363636
-0.540909, 0.409091
-0.540909, 0.454545
-0.527273, -0.590909
-0.527273, -0.545455
-0.527273, -0.500000
-0.527273, -0.454545
-0.527273, -0.409091
-0.527273, -0.363636
-0.527273, -0.318182
-0.527273, -0.272727
-0.527273, -0.227273
-0.527273, -0.181818
-0.527273, -0.136364
-0.527273, -0.090909
-0.527273, -0.045455
-0.527273, -0.000000
-0.527273, 0.045455
-0.527273, 0.090909
-0.527273, 0.136364
-0.527273, 0.181818
-0.527273, 0.227273
-0.527273, 0.272727
-0.527273, 0.318182
-0.527273, 0.363636
-0.527273, 0.409091
-0.527273, 0.454545
-0.527273, 0.500000
-0.527273, 0.545455
-0.527273, 0.590909
-0.513636, -0.590909
-0.513636, -0.545455
-0.513636, -0.500000
-0.513636, -0.454545
-0.513636, -0.409091
-0.513636, -0.363636
-0.513636, -0.318182
-0.513636, -0.272727
-0.513636, -0.227273
-0.513636, -0.181818
-0.513636, -0.136364
-0.513636, -0.090909
-0.513636, -0.045455
-0.513636, -0.000000
-0.513636, 0.045455
-0.513636, 0.090909
-0.513636, 0.136364
-0.513636, 0.181818
-0.513636, 0.227273
-0.513636, 0.272727
-0.513636, 0.318182
-0.513636, 0.363636
-0.513636, 0.409091
-0.513636, 0.454545
-0.513636, 0.500000
-0.513636, 0.545455
-0.513636, 0.590909
-0.500000, -0.590909
-0.500000, -0.545455
-0.500000, -0.500000
-0.500000, -0.454545
-0.500000, -0.409091
-0.500000, -0.363636
-0.500000, -0.318182
-0.500000, -0.272727
-0.500000, -0.227273
-0.500000, -0.181818
-0.500000, -0.136364
-0.500000, -0.090909
-0.500000, -0.045455
-0.500000, -0.000000
-0.500000, 0.045455
-0.500000, 0.090909
-0.500000, 0.136364
-0.500000, 0.181818
-0.500000, 0.227273
-0.500000, 0.272727
-0.500000, 0.318182
-0.500000, 0.363636
-0.500000, 0.409091
-0.500000, 0.454545
-0.500000, 0.500000
-0.500000, 0.545455
-0.500000, 0.590909
-0.486364, -0.590909
-0.486364, -0.545455
-0.486364, -0.500000
-0.486364, -0.454545
-0.486364, -0.409091
-0.486364, -0.363636
-0.486364, -0.318182
-0.486364, -0.272727
-0.486364, -0.227273
-0.486364, -0.181818
-0.486364, -0.136364
-0.486364, -0.090909
-0.486364, -0.045455
-0.486364, -0.000000
-0.486364, 0.045455
-0.486364, 0.090909
-0.486364, 0.136364
-0.486364, 0.181818
-0.486364, 0.227273
-0.486364, 0.272727
-0.486364, 0.318182
-0.486364, 0.363636
-0.486364, 0.409091
-0.486364, 0.454545
-0.486364, 0.500000
-0.486364, 0.545455
-0.486364, 0.590909
-0.472727, -0.545455
-0.472727, -0.500000
-0.472727, -0.454545
-0.472727, -0.409091
-0.472727, -0.363636
-0.472727, -0.318182
-0.472727, -0.272727
-0.472727, -0.227273
-0.472727, -0.181818
-0.472727, -0.136364
-0.472727, -0.090909
-0.472727, -0.045455
-0.472727, -0.000000
-0.472727, 0.045455
-0.472727, 0.090909
-0.472727, 0.136364
-0.472727, 0.181818
-0.472727, 0.227273
-0.472727, 0.272727
-0.472727, 0.318182
-0.472727, 0.363636
-0.472727, 0.409091
-0.472727, 0.454545
-0.472727, 0.500000
-0.472727, 0.545455
-0.459091, -0.545455
-0.459091, -0.500000
-0.459091, -0.454545
-0.459091, -0.409091
-0.459091, -0.363636
-0.459091, -0.318182
-0.459091, -0.272727
-0.459091, -0.227273
-0.459091, -0.181818
-0.459091, -0.136364
-0.459091, -0.090909
-0.459091, -0.045455
-0.459091, -0.000000
-0.459091, 0.045455
-0.459091, 0.090909
-0.459091, 0.136364
-0.459091, 0.181818
-0.459091, 0.227273
-0.459091, 0.272727
-0.459091, 0.318182
-0.459091, 0.363636
-0.459091, 0.409091
-0.459091, 0.454545
-0.459091, 0.500000
-0.459091, 0.545455
-0.445455, -0.545455
-0.445455, -0.500000
-0.445455, -0.454545
-0.445455, -0.409091
-0.445455, -0.363636
-0.445455, -0.318182
-0.445455, -0.272727
-0.445455, -0.227273
-0.445455, -0.181818
-0.445455, -0.136364
-0.445455, -0.090909
-0.445455, -0.045455
-0.445455, -0.000000
-0.445455, 0.045455
-0.445455, 0.090909
-0.445455, 0.136364
-0.445455, 0.181818
-0.445455, 0.227273
-0.445455, 0.272727
-0.445455, 0.318182
-0.445455, 0.363636
-0.445455, 0.409091
-0.445455, 0.454545
-0.445455, 0.500000
-0.445455, 0.545455
-0.431818, -0.545455
-0.431818, -0.500000
-0.431818, -0.454545
-0.431818, -0.409091
-0.431818, -0.363636
-0.431818, -0.318182
-0.431818, -0.272727
-0.431818, -0.227273
-0.431818, -0.181818
-0.431818, -0.136364
-0.431818, -0.090909
-0.431818, -0.045455
-0.431818, -0.000000
-0.431818, 0.045455
-0.431818, 0.090909
-0.431818, 0.136364
-0.431818, 0.181818
-0.431818, 0.227273
-0.431818, 0.272727
-0.431818, 0.318182
-0.431818, 0.363636
-0.431818, 0.409091
-0.431818, 0.454545
-0.431818, 0.500000
-0.431818, 0.545455
-0.418182, -0.545455
-0.418182, -0.500000
-0.418182, -0.454545
-0.418182, -0.409091
-0.418182, -0.363636
-0.418182, -0.318182
-0.418182, -0.272727
-0.418182, -0.227273
-0.418182, -0.181818
-0.418182, -0.136364
-0.418182, -0.090909
-0.418182, -0.045455
-0.418182, -0.000000
-0.418182, 0.045455
-0.418182, 0.090909
-0.418182, 0.136364
-0.418182, 0.181818
-0.418182, 0.227273
-0.418182, 0.272727
-0.418182, 0.318182
-0.418182, 0.363636
-0.418182, 0.409091
-0.418182, 0.454545
-0.418182, 0.500000
-0.418182, 0.545455
-0.404545, -0.545455
-0.404545, -0.500000
-0.404545, -0.454545
-0.404545, -0.409091
-0.404545, -0.363636
-0.404545, -0.318182
-0.404545, -0.272727
-0.404545, -0.227273
-0.404545, -0.181818
-0.404545, -0.136364
-0.404545, -0.090909
-0.404545, -0.045455
-0.404545, -0.000000
-0.404545, 0.045455
-0.404545, 0.090909
-0.404545, 0.136364
-0.404545, 0.181818
-0.404545, 0.227273
-0.404545, 0.272727
-0.404545, 0.318182
-0.404545, 0.363636
-0.404545, 0.409091
-0.404545, 0.454545
-0.404545, 0.500000
-0.404545, 0.545455
-0.390909, -0.545455
-0.390909, -0.500000
-0.390909, -0.454545
-0.390909, -0.409091
-0.390909, -0.363636
-0.390909, -0.318182
-0.390909, -0.272727
-0.390909, -0.227273
-0.390909, -0.181818
-0.390909, -0.136364
-0.390909, -0.090909
-0.390909, -0.045455
-0.390909, -0.000000
-0.390909, 0.045455
-0.390909, 0.090909
-0.390909, 0.136364
-0.390909, 0.181818
-0.390909, 0.227273
-0.390909, 0.272727
-0.390909, 0.318182
-0.390909, 0.363636
-0.390909, 0.409091
-0.390909, 0.454545
-0.390909, 0.500000
-0.390909, 0.545455
-0.377273, -0.590909
-0.377273, -0.545455
-0.377273, -0.500000
-0.377273, -0.454545
-0.377273, -0.409091
-0.377273, -0.363636
-0.377273, -0.318182
-0.377273, -0.272727
-0.377273, -0.227273
-0.377273, -0.181818
-0.377273, -0.136364
-0.377273, -0.090909
-0.377273, -0.045455
-0.377273, -0.000000
-0.377273, 0.045455
-0.377273, 0.090909
-0.377273, 0.136364
-0.377273, 0.181818
-0.377273, 0.227273
-0.377273, 0.272727
-0.377273, 0.318182
-0.377273, 0.363636
-0.377273, 0.409091
-0.377273, 0.454545
-0.377273, 0.500000
-0.377273, 0.545455
-0.377273, 0.590909
-0.363636, -0.636364
-0.363636, -0.590909
-0.363636, -0.545455
-0.363636, -0.500000
-0.363636, -0.454545
-0.363636, -0.409091
-0.363636, -0.363636
-0.363636, -0.318182
-0.363636, -0.272727
-0.363636, -0.227273
-0.363636, -0.181818
-0.363636, -0.136364
-0.363636, -0.090909
-0.363636, -0.045455
-0.363636, -0.000000
-0.363636, 0.045455
-0.363636, 0.090909
-0.363636, 0.136364
-0.363636, 0.181818
-0.363636, 0.227273
-0.363636, 0.272727
-0.363636, 0.318182
-0.363636, 0.363636
-0.363636, 0.409091
-0.363636, 0.454545
-0.363636, 0.500000
-0.363636, 0.545455
-0.363636, 0.590909
-0.363636, 0.636364
-0.350000, -0.590909
-0.350000, -0.545455
-0.350000, -0.500000
-0.350000, -0.454545
-0.350000, -0.409091
-0.350000, -0.363636
-0.350000, -0.318182
-0.350000, -0.272727
-0.350000, -0.227273
-0.350000, -0.181818
-0.350000, -0.136364
-0.350000, -0.090909
-0.350000, -0.045455
-0.350000, -0.000000
-0.350000, 0.045455
-0.350000, 0.090909
-0.350000, 0.136364
-0.350000, 0.181818
-0.350000, 0.227273
-0.350000, 0.272727
-0.350000, 0.318182
-0.350000, 0.363636
-0.350000, 0.409091
-0.350000, 0.454545
-0.350000, 0.500000
-0.350000, 0.545455
-0.350000, 0.590909
-0.336364, -0.590909
-0.336364, -0.545455
-0.336364, -0.500000
-0.336364, -0.454545
-0.336364, -0.409091
-0.336364, -0.363636
-0.336364, -0.318182
-0.336364, -0.272727
-0.336364, -0.227273
-0.336364, -0.181818
-0.336364, -0.136364
-0.336364, -0.090909
-0.336364, -0.045455
-0.336364, -0.000000
-0.336364, 0.045455
-0.336364, 0.090909
-0.336364, 0.136364
-0.336364, 0.181818
-0.336364, 0.227273
-0.336364, 0.272727
-0.336364, 0.318182
-0.336364, 0.363636
-0.336364, 0.409091
-0.336364, 0.454545
-0.336364, 0.500000
-0.336364, 0.545455
-0.336364, 0.590909
-0.322727, -0.590909
-0.322727, -0.545455
-0.322727, -0.500000
-0.322727, -0.454545
-0.322727, -0.409091
-0.322727, -0.363636
-0.322727, -0.318182
-0.322727, -0.272727
-0.322727, -0.227273
-0.322727, -0.181818
-0.322727, -0.136364
-0.322727, -0.090909
-0.322727, -0.045455
-0.322727, -0.000000
-0.322727, 0.045455
-0.322727, 0.090909
-0.322727, 0.136364
-0.322727, 0.181818
-0.322727, 0.227273
-0.322727, 0.272727
-0.322727, 0.318182
-0.322727, 0.363636
-0.322727, 0.409091
-0.322727, 0.454545
-0.322727, 0.500000
-0.322727, 0.545455
-0.322727, 0.590909
-0.309091, -0.590909
-0.309091, -0.545455
-0.309091, -0.500000
-0.309091, -0.454545
-0.309091, -0.409091
-0.309091, -0.363636
-0.309091, -0.318182
-0.309091, -0.272727
-0.309091, -0.227273
-0.309091, -0.181818
-0.309091, -0.136364
-0.309091, -0.090909
-0.309091, -0.045455
-0.309091, -0.000000
-0.309091, 0.045455
-0.309091, 0.090909
-0.309091, 0.136364
-0.309091, 0.181818
-0.309091, 0.227273
-0.309091, 0.272727
-0.309091, 0.318182
-0.309091, 0.363636
-0.309091, 0.409091
-0.309091, 0.454545
-0.309091, 0.500000
-0.309091, 0.545455
-0.309091, 0.590909
-0.295455, -0.636364
-0.295455, -0.590909
-0.295455, -0.545455
-0.295455, -0.500000
-0.295455, -0.454545
-0.295455, -0.409091
-0.295455, -0.363636
-0.295455, -0.318182
-0.295455, -0.272727
-0.295455, -0.227273
-0.295455, -0.181818
-0.295455, -0.136364
-0.295455, -0.090909
-0.295455, -0.045455
-0.295455, -0.000000
-0.295455, 0.045455
-0.295455, 0.090909
-0.295455, 0.136364
-0.295455, 0.181818
-0.295455, 0.227273
-0.295455, 0.272727
-0.295455, 0.318182
-0.295455, 0.363636
-0.295455, 0.409091
-0.295455, 0.454545
-0.295455, 0.500000
-0.295455, 0.545455
-0.295455, 0.590909
-0.295455, 0.636364
-0.281818, -0.590909
-0.281818, -0.545455
-0.281818, -0.500000
-0.281818, -0.454545
-0.281818, -0.409091
-0.281818, -0.363636
-0.281818, -0.318182
-0.281818, -0.272727
-0.281818, -0.227273
-0.281818, -0.181818
-0.281818, -0.136364
-0.281818, -0.090909
-0.281818, -0.045455
-0.281818, -0.000000
-0.281818, 0.045455
-0.281818, 0.090909
-0.281818, 0.136364
-0.281818, 0.181818
-0.281818, 0.227273
-0.281818, 0.272727
-0.281818, 0.318182
-0.281818, 0.363636
-0.281818, 0.409091
-0.281818, 0.454545
-0.281818, 0.500000
-0.281818, 0.545455
-0.281818, 0.590909
-0.268182, -0.590909
-0.268182, -0.545455
-0.268182, -0.500000
-0.268182, -0.454545
-0.268182, -0.409091
-0.268182, -0.363636
-0.268182, -0.318182
-0.268182, -0.272727
-0.268182, -0.227273
-0.268182, -0.181818
-0.268182, -0.136364
-0.268182, -0.090909
-0.268182, -0.045455
-0.268182, -0.000000
-0.268182, 0.045455
-0.268182, 0.090909
-0.268182, 0.136364
-0.268182, 0.181818
-0.268182, 0.227273
-0.268182, 0.272727
-0.268182, 0.318182
-0.268182, 0.363636
-0.268182, 0.409091
-0.268182, 0.454545
-0.268182, 0.500000
-0.268182, 0.545455
-0.268182, 0.590909
-0.254545, -0.636364
-0.254545, -0.590909
-0.254545, -0.545455
-0.254545, -0.500000
-0.254545, -0.454545
-0.254545, -0.409091
-0.254545, -0.363636
-0.254545, -0.318182
-0.254545, -0.272727
-0.254545, -0.227273
-0.254545, -0.181818
-0.254545, -0.136364
-0.254545, -0.090909
-0.254545, -0.045455
-0.254545, -0.000000
-0.254545, 0.045455
-0.254545, 0.090909
-0.254545, 0.136364
-0.254545, 0.181818
-0.254545, 0.227273
-0.254545, 0.272727
-0.254545, 0.318182
-0.254545, 0.363636
-0.254545, 0.409091
-0.254545, 0.454545
-0.254545, 0.500000
-0.254545, 0.545455
-0.254545, 0.590909
-0.254545, 0.636364
-0.240909, -0.636364
-0.240909, -0.590909
-0.240909, -0.545455
-0.240909, -0.500000
-0.240909, -0.454545
-0.240909, -0.409091
-0.240909, -0.363636
-0.240909, -0.318182
-0.240909, -0.272727
-0.240909, -0.227273
-0.240909, -0.181818
-0.240909, -0.136364
-0.240909, -0.090909
-0.240909, -0.045455
-0.240909, -0.000000
-0.240909, 0.045455
-0.240909, 0.090909
-0.240909, 0.136364
-0.240909, 0.181818
-0.240909, 0.227273
-0.240909, 0.272727
-0.240909, 0.318182
-0.240909, 0.363636
-0.240909, 0.409091
-0.240909, 0.454545
-0.240909, 0.500000
-0.240909, 0.545455
-0.240909, 0.590909
-0.240909, 0.636364
-0.227273, -0.636364
-0.227273, -0.590909
-0.227273, -0.545455
-0.227273, -0.500000
-0.227273, -0.454545
-0.227273, -0.409091
-0.227273, -0.363636
-0.227273, -0.318182
-0.227273, -0.272727
-0.227273, -0.227273
-0.227273, -0.181818
-0.227273, -0.136364
-0.227273, -0.090909
-0.227273, -0.045455
-0.227273, -0.000000
-0.227273, 0.045455
-0.227273, 0.090909
-0.227273, 0.136364
-0.227273, 0.181818
-0.227273, 0.227273
-0.227273, 0.272727
-0.227273, 0.318182
-0.227273, 0.363636
-0.227273, 0.409091
-0.227273, 0.454545
-0.227273, 0.500000
-0.227273, 0.545455
-0.227273, 0.590909
-0.227273, 0.636364
-0.213636, -0.772727
-0.213636, -0.727273
-0.213636, -0.636364
-0.213636, -0.590909
-0.213636, -0.545455
-0.213636, -0.500000
-0.213636, -0.454545
-0.213636, -0.409091
-0.213636, -0.363636
-0.213636, -0.318182
-0.213636, -0.272727
-0.213636, -0.227273
-0.213636, -0.181818
-0.213636, -0.136364
-0.213636, -0.090909
-0.213636, -0.045455
-0.213636, -0.000000
-0.213636, 0.045455
-0.213636, 0.090909
-0.213636, 0.136364
-0.213636, 0.181818
-0.213636, 0.227273
-0.213636, 0.272727
-0.213636, 0.318182
-0.213636, 0.363636
-0.213636, 0.409091
-0.213636, 0.454545
-0.213636, 0.500000
-0.213636, 0.545455
-0.213636, 0.590909
-0.213636, 0.636364
-0.213636, 0.727273
-0.213636, 0.772727
-0.200000, -0.772727
-0.200000, -0.727273
-0.200000, -0.636364
-0.200000, -0.590909
-0.200000, -0.545455
-0.200000, -0.500000
-0.200000, -0.454545
-0.200000, -0.409091
-0.200000, -0.363636
-0.200000, -0.318182
-0.200000, -0.272727
-0.200000, -0.227273
-0.200000, -0.181818
-0.200000, -0.136364
-0.200000, -0.090909
-0.200000, -0.045455
-0.200000, -0.000000
-0.200000, 0.045455
-0.200000, 0.090909
-0.200000, 0.136364
-0.200000, 0.181818
-0.200000, 0.227273
-0.200000, 0.272727
-0.200000, 0.318182
-0.200000, 0.363636
-0.200000, 0.409091
-0.200000, 0.454545
-0.200000, 0.500000
-0.200000, 0.545455
-0.200000, 0.590909
-0.200000, 0.636364
-0.200000, 0.727273
-0.200000, 0.772727
-0.186364, -0.818182
-0.186364, -0.772727
-0.186364, -0.727273
-0.186364, -0.681818
-0.186364, -0.636364
-0.186364, -0.590909
-0.186364, -0.545455
-0.186364, -0.500000
-0.186364, -0.454545
-0.186364, -0.409091
-0.186364, -0.363636
-0.186364, -0.318182
-0.186364, -0.272727
-0.186364, -0.227273
-0.186364, -0.181818
-0.186364, -0.136364
-0.186364, -0.090909
-0.186364, -0.045455
-0.186364, -0.000000
-0.186364, 0.045455
-0.186364, 0.090909
-0.186364, 0.136364
-0.186364, 0.181818
-0.186364, 0.227273
-0.186364, 0.272727
-0.186364, 0.318182
-0.186364, 0.363636
-0.186364, 0.409091
-0.186364, 0.454545
-0.186364, 0.500000
-0.186364, 0.545455
-0.186364, 0.590909
-0.186364, 0.636364
-0.186364, 0.681818
-0.186364, 0.727273
-0.186364, 0.772727
-0.186364, 0.818182
-0.172727, -0.818182
-0.172727, -0.772727
-0.172727, -0.727273
-0.172727, -0.681818
-0.172727, -0.636364
-0.172727, -0.590909
-0.172727, -0.545455
-0.172727, -0.500000
-0.172727, -0.454545
-0.172727, -0.409091
-0.172727, -0.363636
-0.172727, -0.318182
-0.172727, -0.272727
-0.172727, -0.227273
-0.172727, -0.181818
-0.172727, -0.136364
-0.172727, -0.090909
-0.172727, -0.045455
-0.172727, -0.000000
-0.172727, 0.045455
-0.172727, 0.090909
-0.172727, 0.136364
-0.172727, 0.181818
-0.172727, 0.227273
-0.172727, 0.272727
-0.172727, 0.318182
-0.172727, 0.363636
-0.172727, 0.409091
-0.172727, 0.454545
-0.172727, 0.500000
-0.172727, 0.545455
-0.172727, 0.590909
-0.172727, 0.636364
-0.172727, 0.681818
-0.172727, 0.727273
-0.172727, 0.772727
-0.172727, 0.818182
-0.159091, -0.818182
-0.159091, -0.772727
-0.159091, -0.727273
-0.159091, -0.681818
-0.159091, -0.636364
-0.159091, -0.590909
-0.159091, -0.545455
-0.159091, -0.500000
-0.159091, -0.454545
-0.159091, -0.409091
-0.159091, -0.363636
-0.159091, -0.318182
-0.159091, -0.272727
-0.159091, -0.227273
-0.159091, -0.181818
-0.159091, -0.136364
-0.159091, -0.090909
-0.159091, -0.045455
-0.159091, -0.000000
-0.159091, 0.045455
-0.159091, 0.090909
-0.159091, 0.136364
-0.159091, 0.181818
-0.159091, 0.227273
-0.159091, 0.272727
-0.159091, 0.318182
-0.159091, 0.363636
-0.159091, 0.409091
-0.159091, 0.454545
-0.159091, 0.500000
-0.159091, 0.545455
-0.159091, 0.590909
-0.159091, 0.636364
-0.159091, 0.681818
-0.159091, 0.727273
-0.159091, 0.772727
-0.159091, 0.818182
-0.145455, -0.818182
-0.145455, -0.772727
-0.145455, -0.727273
-0.145455, -0.681818
-0.145455, -0.636364
-0.145455, -0.590909
-0.145455, -0.545455
-0.145455, -0.500000
-0.145455, -0.454545
-0.145455, -0.409091
-0.145455, -0.363636
-0.145455, -0.318182
-0.145455, -0.272727
-0.145455, -0.227273
-0.145455, -0.181818
-0.145455, -0.136364
-0.145455, -0.090909
-0.145455, -0.045455
-0.145455, -0.000000
-0.145455, 0.045455
-0.145455, 0.090909
-0.145455, 0.136364
-0.145455, 0.181818
-0.145455, 0.227273
-0.145455, 0.272727
-0.145455, 0.318182
-0.145455, 0.363636
-0.145455, 0.409091
-0.145455, 0.454545
-0.145455, 0.500000
-0.145455, 0.545455
-0.145455, 0.590909
-0.145455, 0.636364
-0.145455, 0.681818
-0.145455, 0.727273
-0.145455, 0.772727
-0.145455, 0.818182
-0.131818, -0.863636
-0.131818, -0.818182
-0.131818, -0.772727
-0.131818, -0.727273
-0.131818, -0.681818
-0.131818, -0.636364
-0.131818, -0.590909
-0.131818, -0.545455
-0.131818, -0.500000
-0.131818, -0.454545
-0.131818, -0.409091
-0.131818, -0.363636
-0.131818, -0.318182
-0.131818, -0.272727
-0.131818, -0.227273
-0.131818, -0.181818
-0.131818, -0.136364
-0.131818, -0.090909
-0.131818, -0.045455
-0.131818, -0.000000
-0.131818, 0.045455
-0.131818, 0.090909
-0.131818, 0.136364
-0.131818, 0.181818
-0.131818, 0.227273
-0.131818, 0.272727
-0.131818, 0.318182
-0.131818, 0.363636
-0.131818, 0.409091
-0.131818, 0.454545
-0.131818, 0.500000
-0.131818, 0.545455
-0.131818, 0.590909
-0.131818, 0.636364
-0.131818, 0.681818
-0.131818, 0.727273
-0.131818, 0.772727
-0.131818, 0.818182
-0.131818, 0.863636
-0.118182, -0.863636
-0.118182, -0.818182
-0.118182, -0.772727
-0.118182, -0.727273
-0.118182, -0.681818
-0.118182, -0.636364
-0.118182, -0.590909
-0.118182, -0.545455
-0.118182, -0.500000
-0.118182, -0.454545
-0.118182, -0.409091
-0.118182, -0.363636
-0.118182, -0.318182
-0.118182, -0.272727
-0.118182, -0.227273
-0.118182, -0.181818
-0.118182, -0.136364
-0.118182, -0.090909
-0.118182, -0.045455
-0.118182, -0.000000
-0.118182, 0.045455
-0.118182, 0.090909
-0.118182, 0.136364
-0.118182, 0.181818
-0.118182, 0.227273
-0.118182, 0.272727
-0.118182, 0.318182
-0.118182, 0.363636
-0.118182, 0.409091
-0.118182, 0.454545
-0.118182, 0.500000
-0.118182, 0.545455
-0.118182, 0.590909
-0.118182, 0.636364
-0.118182, 0.681818
-0.118182, 0.727273
-0.118182, 0.772727
-0.118182, 0.818182
-0.118182, 0.863636
-0.104545, -0.863636
-0.104545, -0.818182
-0.104545, -0.772727
-0.104545, -0.727273
-0.104545, -0.681818
-0.104545, -0.636364
-0.104545, -0.590909
-0.104545, -0.545455
-0.104545, -0.500000
-0.104545, -0.454545
-0.104545, -0.409091
-0.104545, -0.363636
-0.104545, -0.318182
-0.104545, -0.272727
-0.104545, -0.227273
-0.104545, -0.181818
-0.104545, -0.136364
-0.104545, -0.090909
-0.104545, -0.045455
-0.104545, -0.000000
-0.104545, 0.045455
-0.104545, 0.090909
-0.104545, 0.136364
-0.104545, 0.181818
-0.104545, 0.227273
-0.104545, 0.272727
-0.104545, 0.318182
-0.104545, 0.363636
-0.104545, 0.409091
-0.104545, 0.454545
-0.104545, 0.500000
-0.104545, 0.545455
-0.104545, 0.590909
-0.104545, 0.636364
-0.104545, 0.681818
-0.104545, 0.727273
-0.104545, 0.772727
-0.104545, 0.818182
-0.104545, 0.863636
-0.090909, -0.863636
-0.090909, -0.818182
-0.090909, -0.772727
-0.090909, -0.727273
-0.090909, -0.681818
-0.090909, -0.636364
-0.090909, -0.590909
-0.090909, -0.545455
-0.090909, -0.500000
-0.090909, -0.454545
-0.090909, -0.409091
-0.090909, -0.363636
-0.090909, -0.318182
-0.090909, -0.272727
-0.090909, -0.227273
-0.090909, -0.181818
-0.090909, -0.136364
-0.090909, -0.090909
-0.090909, -0.045455
-0.090909, -0.000000
-0.090909, 0.045455
-0.090909, 0.090909
-0.090909, 0.136364
-0.090909, 0.181818
-0.090909, 0.227273
-0.090909, 0.272727
-0.090909, 0.318182
-0.090909, 0.363636
-0.090909, 0.409091
-0.090909, 0.454545
-0.090909, 0.500000
-0.090909, 0.545455
-0.090909, 0.590909
-0.090909, 0.636364
-0.090909, 0.681818
-0.090909, 0.727273
-0.090909, 0.772727
-0.090909, 0.818182
-0.090909, 0.863636
-0.077273, -0.818182
-0.077273, -0.772727
-0.077273, -0.727273
-0.077273, -0.681818
-0.077273, -0.636364
-0.077273, -0.590909
-0.077273, -0.545455
-0.077273, -0.500000
-0.077273, -0.454545
-0.077273, -0.409091
-0.077273, -0.363636
-0.077273, -0.318182
-0.077273, -0.272727
-0.077273, -0.227273
-0.077273, -0.181818
-0.077273, -0.136364
-0.077273, -0.090909
-0.077273, -0.045455
-0.077273, -0.000000
-0.077273, 0.045455
-0.077273, 0.090909
-0.077273, 0.136364
-0.077273, 0.181818
-0.077273, 0.227273
-0.077273, 0.272727
-0.077273, 0.318182
-0.077273, 0.363636
-0.077273, 0.409091
-0.077273, 0.454545
-0.077273, 0.500000
-0.077273, 0.545455
-0.077273, 0.590909
-0.077273, 0.636364
-0.077273, 0.681818
-0.077273, 0.727273
-0.077273, 0.772727
-0.077273, 0.818182
-0.063636, -0.818182
-0.063636, -0.772727
-0.063636, -0.727273
-0.063636, -0.681818
-0.063636, -0.636364
-0.063636, -0.590909
-0.063636, -0.545455
-0.063636, -0.500000
-0.063636, -0.454545
-0.063636, -0.409091
-0.063636, -0.363636
-0.063636, -0.318182
-0.063636, -0.272727
-0.063636, -0.227273
-0.063636, -0.181818
-0.063636, -0.136364
-0.063636, -0.090909
-0.063636, -0.045455
-0.063636, -0.000000
-0.063636, 0.045455
-0.063636, 0.090909
-0.063636, 0.136364
-0.063636, 0.181818
-0.063636, 0.227273
-0.063636, 0.272727
-0.063636, 0.318182
-0.063636, 0.363636
-0.063636, 0.409091
-0.063636, 0.454545
-0.063636, 0.500000
-0.063636, 0.545455
-0.063636, 0.590909
-0.063636, 0.636364
-0.063636, 0.681818
-0.063636, 0.727273
-0.063636, 0.772727
-0.063636, 0.818182
-0.050000, -0.772727
-0.050000, -0.727273
-0.050000, -0.681818
-0.050000, -0.636364
-0.050000, -0.590909
-0.050000, -0.545455
-0.050000, -0.500000
-0.050000, -0.454545
-0.050000, -0.409091
-0.050000, -0.363636
-0.050000, -0.318182
-0.050000, -0.272727
-0.050000, -0.227273
-0.050000, -0.181818
-0.050000, -0.136364
-0.050000, -0.090909
-0.050000, -0.045455
-0.050000, -0.000000
-0.050000, 0.045455
-0.050000, 0.090909
-0.050000, 0.136364
-0.050000, 0.181818
-0.050000, 0.227273
-0.050000, 0.272727
-0.050000, 0.318182
-0.050000, 0.363636
-0.050000, 0.409091
-0.050000, 0.454545
-0.050000, 0.500000
-0.050000, 0.545455
-0.050000, 0.590909
-0.050000, 0.636364
-0.050000, 0.681818
-0.050000, 0.727273
-0.050000, 0.772727
-0.036364, -0.772727
-0.036364, -0.727273
-0.036364, -0.636364
-0.036364, -0.590909
-0.036364, -0.545455
-0.036364, -0.500000
-0.036364, -0.454545
-0.036364, -0.409091
-0.036364, -0.363636
-0.036364, -0.318182
-0.036364, -0.272727
-0.036364, -0.227273
-0.036364, -0.181818
-0.036364, -0.136364
-0.036364, -0.090909
-0.036364, -0.045455
-0.036364, -0.000000
-0.036364, 0.045455
-0.036364, 0.090909
-0.036364, 0.136364
-0.036364, 0.181818
-0.036364, 0.227273
-0.036364, 0.272727
-0.036364, 0.318182
-0.036364, 0.363636
-0.036364, 0.409091
-0.036364, 0.454545
-0.036364, 0.500000
-0.036364, 0.545455
-0.036364, 0.590909
-0.036364, 0.636364
-0.036364, 0.727273
-0.036364, 0.772727
-0.022727, -0.636364
-0.022727, -0.590909
-0.022727, -0.545455
-0.022727, -0.500000
-0.022727, -0.454545
-0.022727, -0.409091
-0.022727, -0.363636
-0.022727, -0.318182
-0.022727, -0.272727
-0.022727, -0.227273
-0.022727, -0.181818
-0.022727, -0.136364
-0.022727, -0.090909
-0.022727, -0.045455
-0.022727, -0.000000
-0.022727, 0.045455
-0.022727, 0.090909
-0.022727, 0.136364
-0.022727, 0.181818
-0.022727, 0.227273
-0.022727, 0.272727
-0.022727, 0.318182
-0.022727, 0.363636
-0.022727, 0.409091
-0.022727, 0.454545
-0.022727, 0.500000
-0.022727, 0.545455
-0.022727, 0.590909
-0.022727, 0.636364
-0.009091, -0.636364
-0.009091, -0.590909
-0.009091, -0.545455
-0.009091, -0.500000
-0.009091, -0.454545
-0.009091, -0.409091
-0.009091, -0.363636
-0.009091, -0.318182
-0.009091, -0.272727
-0.009091, -0.227273
-0.009091, -0.181818
-0.009091, -0.136364
-0.009091, -0.090909
-0.009091, -0.045455
-0.009091, -0.000000
-0.009091, 0.045455
-0.009091, 0.090909
-0.009091, 0.136364
-0.009091, 0.181818
-0.009091, 0.227273
-0.009091, 0.272727
-0.009091, 0.318182
-0.009091, 0.363636
-0.009091, 0.409091
-0.009091, 0.454545
-0.009091, 0.500000
-0.009091, 0.545455
-0.009091, 0.590909
-0.009091, 0.636364
0.004545, -0.590909
0.004545, -0.545455
0.004545, -0.500000
0.004545, -0.454545
0.004545, -0.409091
0.004545, -0.363636
0.004545, -0.318182
0.004545, -0.272727
0.004545, -0.227273
0.004545, -0.181818
0.004545, -0.136364
0.004545, -0.090909
0.004545, -0.045455
0.004545, -0.000000
0.004545, 0.045455
0.004545, 0.090909
0.004545, 0.136364
0.004545, 0.181818
0.004545, 0.227273
0.004545, 0.272727
0.004545, 0.318182
0.004545, 0.363636
0.004545, 0.409091
0.004545, 0.454545
0.004545, 0.500000
0.004545, 0.545455
0.004545, 0.590909
0.018182, -0.590909
0.018182, -0.545455
0.018182, -0.500000
0.018182, -0.454545
0.018182, -0.409091
0.018182, -0.363636
0.018182, -0.318182
0.018182, -0.272727
0.018182, -0.227273
0.018182, -0.181818
0.018182, -0.136364
0.018182, -0.090909
0.018182, -0.045455
0.018182, -0.000000
0.018182, 0.045455
0.018182, 0.090909
0.018182, 0.136364
0.018182, 0.181818
0.018182, 0.227273
0.018182, 0.272727
0.018182, 0.318182
0.018182, 0.363636
0.018182, 0.409091
0.018182, 0.454545
0.018182, 0.500000
0.018182, 0.545455
0.018182, 0.590909
0.031818, -0.590909
0.031818, -0.545455
0.031818, -0.500000
0.031818, -0.454545
0.031818, -0.409091
0.031818, -0.363636
0.031818, -0.318182
0.031818, -0.272727
0.031818, -0.227273
0.031818, -0.181818
0.031818, -0.136364
0.031818, -0.090909
0.031818, -0.045455
0.031818, -0.000000
0.031818, 0.045455
0.031818, 0.090909
0.031818, 0.136364
0.031818, 0.181818
0.031818, 0.227273
0.031818, 0.272727
0.031818, 0.318182
0.031818, 0.363636
0.031818, 0.409091
0.031818, 0.454545
0.031818, 0.500000
0.031818, 0.545455
0.031818, 0.590909
0.045455, -0.636364
0.045455, -0.590909
0.045455, -0.545455
0.045455, -0.500000
0.045455, -0.454545
0.045455, -0.409091
0.045455, -0.363636
0.045455, -0.318182
0.045455, -0.272727
0.045455, -0.227273
0.045455, -0.181818
0.045455, -0.136364
0.045455, -0.090909
0.045455, -0.045455
0.045455, -0.000000
0.045455, 0.045455
0.045455, 0.090909
0.045455, 0.136364
0.045455, 0.181818
0.045455, 0.227273
0.045455, 0.272727
0.045455, 0.318182
0.045455, 0.363636
0.045455, 0.409091
0.045455, 0.454545
0.045455, 0.500000
0.045455, 0.545455
0.045455, 0.590909
0.045455, 0.636364
0.059091, -0.590909
0.059091, -0.545455
0.059091, -0.500000
0.059091, -0.454545
0.059091, -0.409091
0.059091, -0.363636
0.059091, -0.318182
0.059091, -0.272727
0.059091, -0.227273
0.059091, -0.181818
0.059091, -0.136364
0.059091, -0.090909
0.059091, -0.045455
0.059091, -0.000000
0.059091, 0.045455
0.059091, 0.090909
0.059091, 0.136364
0.059091, 0.181818
0.059091, 0.227273
0.059091, 0.272727
0.059091, 0.318182
0.059091, 0.363636
0.059091, 0.409091
0.059091, 0.454545
0.059091, 0.500000
0.059091, 0.545455
0.059091, 0.590909
0.072727, -0.590909
0.072727, -0.545455
0.072727, -0.500000
0.072727, -0.454545
0.072727, -0.409091
0.072727, -0.363636
0.072727, -0.318182
0.072727, -0.272727
0.072727, -0.227273
0.072727, -0.181818
0.072727, -0.136364
0.072727, -0.090909
0.072727, -0.045455
0.072727, -0.000000
0.072727, 0.045455
0.072727, 0.090909
0.072727, 0.136364
0.072727, 0.181818
0.072727, 0.227273
0.072727, 0.272727
0.072727, 0.318182
0.072727, 0.363636
0.072727, 0.409091
0.072727, 0.454545
0.072727, 0.500000
0.072727, 0.545455
0.072727, 0.590909
0.086364, -0.590909
0.086364, -0.545455
0.086364, -0.500000
0.086364, -0.454545
0.086364, -0.409091
0.086364, -0.363636
0.086364, -0.318182
0.086364, -0.272727
0.086364, -0.227273
0.086364, -0.181818
0.086364, -0.136364
0.086364, -0.090909
0.086364, -0.045455
0.086364, -0.000000
0.086364, 0.045455
0.086364, 0.090909
0.086364, 0.136364
0.086364, 0.181818
0.086364, 0.227273
0.086364, 0.272727
0.086364, 0.318182
0.086364, 0.363636
0.086364, 0.409091
0.086364, 0.454545
0.086364, 0.500000
0.086364, 0.545455
0.086364, 0.590909
0.100000, -0.590909
0.100000, -0.545455
0.100000, -0.500000
0.100000, -0.454545
0.100000, -0.409091
0.100000, -0.363636
0.100000, -0.318182
0.100000, -0.272727
0.100000, -0.227273
0.100000, -0.181818
0.100000, -0.136364
0.100000, -0.090909
0.100000, -0.045455
0.100000, -0.000000
0.100000, 0.045455
0.100000, 0.090909
0.100000, 0.136364
0.100000, 0.181818
0.100000, 0.227273
0.100000, 0.272727
0.100000, 0.318182
0.100000, 0.363636
0.100000, 0.409091
0.100000, 0.454545
0.100000, 0.500000
0.100000, 0.545455
0.100000, 0.590909
0.113636, -0.590909
0.113636, -0.545455
0.113636, -0.500000
0.113636, -0.454545
0.113636, -0.409091
0.113636, -0.363636
0.113636, -0.318182
0.113636, -0.272727
0.113636, -0.227273
0.113636, -0.181818
0.113636, -0.136364
0.113636, -0.090909
0.113636, -0.045455
0.113636, -0.000000
0.113636, 0.045455
0.113636, 0.090909
0.113636, 0.136364
0.113636, 0.181818
0.113636, 0.227273
0.113636, 0.272727
0.113636, 0.318182
0.113636, 0.363636
0.113636, 0.409091
0.113636, 0.454545
0.113636, 0.500000
0.113636, 0.545455
0.113636, 0.590909
0.127273, -0.545455
0.127273, -0.500000
0.127273, -0.454545
0.127273, -0.409091
0.127273, -0.363636
0.127273, -0.318182
0.127273, -0.272727
0.127273, -0.227273
0.127273, -0.181818
0.127273, -0.136364
0.127273, -0.090909
0.127273, -0.045455
0.127273, -0.000000
0.127273, 0.045455
0.127273, 0.090909
0.127273, 0.136364
0.127273, 0.181818
0.127273, 0.227273
0.127273, 0.272727
0.127273, 0.318182
0.127273, 0.363636
0.127273, 0.409091
0.127273, 0.454545
0.127273, 0.500000
0.127273, 0.545455
0.140909, -0.545455
0.140909, -0.500000
0.140909, -0.454545
0.140909, -0.409091
0.140909, -0.363636
0.140909, -0.318182
0.140909, -0.272727
0.140909, -0.227273
0.140909, -0.181818
0.140909, -0.136364
0.140909, -0.090909
0.140909, -0.045455
0.140909, -0.000000
0.140909, 0.045455
0.140909, 0.090909
0.140909, 0.136364
0.140909, 0.181818
0.140909, 0.227273
0.140909, 0.272727
0.140909, 0.318182
0.140909, 0.363636
0.140909, 0.409091
0.140909, 0.454545
0.140909, 0.500000
0.140909, 0.545455
0.154545, -0.545455
0.154545, -0.500000
0.154545, -0.454545
0.154545, -0.409091
0.154545, -0.363636
0.154545, -0.318182
0.154545, -0.272727
0.154545, -0.227273
0.154545, -0.181818
0.154545, -0.136364
0.154545, -0.090909
0.154545, -0.045455
0.154545, -0.000000
0.154545, 0.045455
0.154545, 0.090909
0.154545, 0.136364
0.154545, 0.181818
0.154545, 0.227273
0.154545, 0.272727
0.154545, 0.318182
0.154545, 0.363636
0.154545, 0.409091
0.154545, 0.454545
0.154545, 0.500000
0.154545, 0.545455
0.168182, -0.545455
0.168182, -0.500000
0.168182, -0.454545
0.168182, -0.409091
0.168182, -0.363636
0.168182, -0.318182
0.168182, -0.272727
0.168182, -0.227273
0.168182, -0.181818
0.168182, -0.136364
0.168182, -0.090909
0.168182, -0.045455
0.168182, -0.000000
0.168182, 0.045455
0.168182, 0.090909
0.168182, 0.136364
0.168182, 0.181818
0.168182, 0.227273
0.168182, 0.272727
0.168182, 0.318182
0.168182, 0.363636
0.168182, 0.409091
0.168182, 0.454545
0.168182, 0.500000
0.168182, 0.545455
0.181818, -0.545455
0.181818, -0.500000
0.181818, -0.454545
0.181818, -0.409091
0.181818, -0.363636
0.181818, -0.318182
0.181818, -0.272727
0.181818, -0.227273
0.181818, -0.181818
0.181818, -0.136364
0.181818, -0.090909
0.181818, -0.045455
0.181818, -0.000000
0.181818, 0.045455
0.181818, 0.090909
0.181818, 0.136364
0.181818, 0.181818
0.181818, 0.227273
0.181818, 0.272727
0.181818, 0.318182
0.181818, 0.363636
0.181818, 0.409091
0.181818, 0.454545
0.181818, 0.500000
0.181818, 0.545455
0.195455, -0.545455
0.195455, -0.500000
0.195455, -0.454545
0.195455, -0.409091
0.195455, -0.363636
0.195455, -0.318182
0.195455, -0.272727
0.195455, -0.227273
0.195455, -0.181818
0.195455, -0.136364
0.195455, -0.090909
0.195455, -0.045455
0.195455, -0.000000
0.195455, 0.045455
0.195455, 0.090909
0.195455, 0.136364
0.195455, 0.181818
0.195455, 0.227273
0.195455, 0.272727
0.195455, 0.318182
0.195455, 0.363636
0.195455, 0.409091
0.195455, 0.454545
0.195455, 0.500000
0.195455, 0.545455
0.209091, -0.500000
0.209091, -0.454545
0.209091, -0.409091
0.209091, -0.363636
0.209091, -0.318182
0.209091, -0.272727
0.209091, -0.227273
0.209091, -0.181818
0.209091, -0.136364
0.209091, -0.090909
0.209091, -0.045455
0.209091, -0.000000
0.209091, 0.045455
0.209091, 0.090909
0.209091, 0.136364
0.209091, 0.181818
0.209091, 0.227273
0.209091, 0.272727
0.209091, 0.318182
0.209091, 0.363636
0.209091, 0.409091
0.209091, 0.454545
0.209091, 0.500000
0.222727, -0.500000
0.222727, -0.454545
0.222727, -0.409091
0.222727, -0.363636
0.222727, -0.318182
0.222727, -0.272727
0.222727, -0.227273
0.222727, -0.181818
0.222727, -0.136364
0.222727, -0.090909
0.222727, -0.045455
0.222727, -0.000000
0.222727, 0.045455
0.222727, 0.090909
0.222727, 0.136364
0.222727, 0.181818
0.222727, 0.227273
0.222727, 0.272727
0.222727, 0.318182
0.222727, 0.363636
0.222727, 0.409091
0.222727, 0.454545
0.222727, 0.500000
0.236364, -0.500000
0.236364, -0.454545
0.236364, -0.409091
0.236364, -0.363636
0.236364, -0.318182
0.236364, -0.272727
0.236364, -0.227273
0.236364, -0.181818
0.236364, -0.136364
0.236364, -0.090909
0.236364, -0.045455
0.236364, -0.000000
0.236364, 0.045455
0.236364, 0.090909
0.236364, 0.136364
0.236364, 0.181818
0.236364, 0.227273
0.236364, 0.272727
0.236364, 0.318182
0.236364, 0.363636
0.236364, 0.409091
0.236364, 0.454545
0.236364, 0.500000
0.250000, -0.545455
0.250000, -0.500000
0.250000, -0.454545
0.250000, -0.409091
0.250000, -0.363636
0.250000, -0.318182
0.250000, -0.272727
0.250000, -0.227273
0.250000, -0.181818
0.250000, -0.136364
0.250000, -0.090909
0.250000, -0.045455
0.250000, -0.000000
0.250000, 0.045455
0.250000, 0.090909
0.250000, 0.136364
0.250000, 0.181818
0.250000, 0.227273
0.250000, 0.272727
0.250000, 0.318182
0.250000, 0.363636
0.250000, 0.409091
0.250000, 0.454545
0.250000, 0.500000
0.250000, 0.545455
0.263636, -0.545455
0.263636, -0.500000
0.263636, -0.454545
0.263636, -0.409091
0.263636, -0.363636
0.263636, -0.318182
0.263636, -0.272727
0.263636, -0.227273
0.263636, -0.181818
0.263636, -0.136364
0.263636, -0.090909
0.263636, -0.045455
0.263636, 0.045455
0.263636, 0.090909
0.263636, 0.136364
0.263636, 0.181818
0.263636, 0.227273
0.263636, 0.272727
0.263636, 0.318182
0.263636, 0.363636
0.263636, 0.409091
0.263636, 0.454545
0.263636, 0.500000
0.263636, 0.545455
0.277273, -0.545455
0.277273, -0.500000
0.277273, -0.454545
0.277273, -0.409091
0.277273, -0.363636
0.277273, -0.318182
0.277273, -0.272727
0.277273, -0.227273
0.277273, -0.181818
0.277273, -0.136364
0.277273, -0.090909
0.277273, -0.045455
0.277273, 0.045455
0.277273, 0.090909
0.277273, 0.136364
0.277273, 0.181818
0.277273, 0.227273
0.277273, 0.272727
0.277273, 0.318182
0.277273, 0.363636
0.277273, 0.409091
0.277273, 0.454545
0.277273, 0.500000
0.277273, 0.545455
0.290909, -0.545455
0.290909, -0.500000
0.290909, -0.409091
0.290909, -0.363636
0.290909, -0.318182
0.290909, -0.272727
0.290909, -0.227273
0.290909, -0.181818
0.290909, -0.136364
0.290909, -0.090909
0.290909, -0.045455
0.290909, 0.045455
0.290909, 0.090909
0.290909, 0.136364
0.290909, 0.181818
0.290909, 0.227273
0.290909, 0.272727
0.290909, 0.318182
0.290909, 0.363636
0.290909, 0.409091
0.290909, 0.500000
0.290909, 0.545455
0.304545, -0.545455
0.304545, -0.500000
0.304545, -0.409091
0.304545, -0.363636
0.304545, -0.318182
0.304545, -0.272727
0.304545, -0.227273
0.304545, -0.181818
0.304545, -0.136364
0.304545, -0.090909
0.304545, -0.045455
0.304545, 0.045455
0.304545, 0.090909
0.304545, 0.136364
0.304545, 0.181818
0.304545, 0.227273
0.304545, 0.272727
0.304545, 0.318182
0.304545, 0.363636
0.304545, 0.409091
0.304545, 0.500000
0.304545, 0.545455
0.318182, -0.545455
0.318182, -0.409091
0.318182, -0.363636
0.318182, -0.318182
0.318182, -0.272727
0.318182, -0.227273
0.318182, -0.181818
0.318182, -0.136364
0.318182, -0.090909
0.318182, -0.045455
0.318182, 0.045455
0.318182, 0.090909
0.318182, 0.136364
0.318182, 0.181818
0.318182, 0.227273
0.318182, 0.272727
0.318182, 0.318182
0.318182, 0.363636
0.318182, 0.409091
0.318182, 0.545455
0.331818, -0.409091
0.331818, -0.363636
0.331818, -0.318182
0.331818, -0.272727
0.331818, -0.227273
0.331818, -0.181818
0.331818, -0.136364
0.331818, -0.090909
0.331818, 0.090909
0.331818, 0.136364
0.331818, 0.181818
0.331818, 0.227273
0.331818, 0.272727
0.331818, 0.318182
0.331818, 0.363636
0.331818, 0.409091
0.345455, -0.318182
0.345455, -0.272727
0.345455, -0.227273
0.345455, -0.181818
0.345455, -0.136364
0.345455, -0.090909
0.345455, 0.090909
0.345455, 0.136364
0.345455, 0.181818
0.345455, 0.227273
0.345455, 0.272727
0.345455, 0.318182
0.359091, -0.318182
0.359091, -0.272727
0.359091, -0.227273
0.359091, -0.181818
0.359091, -0.136364
0.359091, 0.136364
0.359091, 0.181818
0.359091, 0.227273
0.359091, 0.272727
0.359091, 0.318182
0.372727, -0.318182
0.372727, -0.227273
0.372727, -0.181818
0.372727, -0.136364
0.372727, 0.136364
0.372727, 0.181818
0.372727, 0.227273
0.372727, 0.318182
0.386364, -0.318182
0.386364, -0.227273
0.386364, 0.227273
0.386364, 0.318182
